epoch,time,train/box_loss,train/cls_loss,train/dfl_loss,metrics/precision(B),metrics/recall(B),metrics/mAP50(B),metrics/mAP50-95(B),val/box_loss,val/cls_loss,val/dfl_loss,lr/pg0,lr/pg1,lr/pg2,lr/pg3,lr/pg4,lr/pg5,lr/pg6,lr/pg7
1,58.3924,0,113.028,0,0,0,0,0,0,110.663,0,0.00048,0.00016,0.00048,0.00016,0.00048,0.00016,0.00048,0.00016
2,120.274,0,108.808,0,0,0,0,0,0,109.041,0,0.0006834,0.0002278,0.0006834,0.0002278,0.0006834,0.0002278,0.0006834,0.0002278
3,172.065,0,104.367,0,0,0,0,0,0,108.104,0,0.0005304,0.0001768,0.0005304,0.0001768,0.0005304,0.0001768,0.0005304,0.0001768
